{
  "splash-setting": {
    "displayWatermark": false,
    "url": "/Users/hanyuhui/Desktop/Tenis-Ball.png",
    "clearColor": {
      "x": 0.8627450980392157,
      "y": 0.8588235294117647,
      "z": 0.9333333333333333,
      "w": 0.09411764705882353
    }
  }
}
